,label,area,intensity_mean,intensity_max,intensity_min,base_name
0,3,3105.0,1321.4499194847021,2345.0,682.0,1241_HS_005
0,1,1046.0,1970.9302103250477,2781.0,1052.0,1241_HS_002
0,1,2640.0,1633.9219696969697,2878.0,785.0,1241_HS_003
0,1,1677.0,1816.2182468694098,2789.0,913.0,1241_HS_004
0,3,3154.0,964.8161065313888,1791.0,514.0,1241_HS_011
0,1,1695.0,1637.877286135693,2712.0,803.0,1241_HS_007
0,2,2270.0,894.1176211453744,1383.0,523.0,1241_HS_009
1,3,1305.0,1189.0835249042145,1816.0,514.0,1241_HS_009
0,1,2349.0,1612.4082588335461,2721.0,813.0,1241_HS_010
0,2,2424.0,1345.9059405940593,2048.0,676.0,1241_HS_008
0,1,3090.0,1826.2692556634304,3313.0,872.0,1241_HS_001
1,3,1107.0,1461.2429990966577,2211.0,894.0,1241_HS_001
0,2,2976.0,1235.893817204301,2156.0,643.0,1241_HS_006
0,1,1409.0,1683.0752306600425,2851.0,859.0,1182_nHS_015
0,1,1638.0,1977.9126984126983,3861.0,1034.0,1182_nHS_012
0,1,1843.0,1454.939772110689,2710.0,727.0,1182_nHS_003
0,1,1384.0,1908.0643063583816,3272.0,821.0,1182_nHS_004
1,2,888.0,1179.2387387387387,1806.0,796.0,1182_nHS_004
0,1,1277.0,1199.5661707126076,1746.0,638.0,1182_nHS_013
0,1,1728.0,1454.0572916666667,2701.0,774.0,1182_nHS_014
0,1,1611.0,1838.6685288640597,2975.0,910.0,1182_nHS_005
0,1,1137.0,2089.575197889182,3533.0,1089.0,1182_nHS_002
0,1,1610.0,1580.2826086956522,2750.0,813.0,1182_nHS_001
0,1,1440.0,1673.2909722222223,3006.0,906.0,1182_nHS_006
0,1,1065.0,1579.7633802816902,2565.0,765.0,1182_nHS_008
1,2,848.0,1183.621462264151,1657.0,728.0,1182_nHS_008
0,1,1745.0,1977.6183381088824,3881.0,1011.0,1182_nHS_017
0,1,2296.0,1303.8588850174217,2286.0,655.0,1182_nHS_010
0,1,1116.0,1883.2114695340501,2920.0,1009.0,1182_nHS_009
0,1,1591.0,1878.1822752985543,3533.0,958.0,1182_nHS_007
0,1,1146.0,1815.8315881326353,3065.0,941.0,1182_nHS_011
0,1,1104.0,1792.2128623188405,2762.0,932.0,1182_nHS_016
0,1,1291.0,2393.753679318358,3700.0,1246.0,1182_HS_011
0,1,2551.0,1857.1846334770678,3381.0,837.0,1182_HS_016
1,2,981.0,1093.3200815494392,1348.0,849.0,1182_HS_016
0,1,1998.0,1939.8253253253254,4135.0,997.0,1182_HS_018
0,1,2930.0,2039.0744027303754,3363.0,976.0,1182_HS_009
0,1,1638.0,1861.491452991453,2877.0,958.0,1182_HS_007
0,1,1471.0,2139.9857239972807,3872.0,1089.0,1182_HS_019
0,1,2816.0,2157.524502840909,4007.0,1066.0,1182_HS_017
0,6,4262.0,1081.311356170812,1886.0,570.0,1182_HS_010
0,3,1148.0,2897.3353658536585,5105.0,1347.0,1182_HS_022
0,1,3253.0,1635.8791884414386,3209.0,820.0,1182_HS_001
0,1,2222.0,1987.6323132313232,3308.0,987.0,1182_HS_006
0,1,2755.0,1512.7793103448275,2390.0,766.0,1182_HS_008
0,1,3342.0,1658.8839018551766,2739.0,821.0,1182_HS_005
0,1,2595.0,1649.5842003853566,3295.0,819.0,1182_HS_002
0,3,2720.0,1750.7860294117647,3069.0,904.0,1182_HS_013
0,3,4875.0,1177.9942564102564,2249.0,602.0,1182_HS_014
0,1,1604.0,2536.478802992519,4235.0,1118.0,1182_HS_021
1,2,918.0,1776.9281045751634,2453.0,1151.0,1182_HS_021
0,1,3213.0,1627.4531590413944,2755.0,858.0,1182_HS_003
0,1,2663.0,1886.2215546376267,2988.0,942.0,1182_HS_004
0,1,1504.0,2661.2340425531916,5565.0,1353.0,1182_HS_020
0,1,2815.0,2193.1271758436947,4285.0,1088.0,1182_HS_015
0,1,1578.0,1899.5817490494296,2647.0,959.0,1182_HS_012
0,1,2602.0,1261.2417371252882,1993.0,630.0,1116_HS_013
0,1,1271.0,2317.725413060582,3273.0,1165.0,1116_HS_014
0,1,2214.0,2223.0889792231255,3609.0,1135.0,1116_HS_021
0,1,2153.0,1566.9447282861124,2967.0,836.0,1116_HS_005
0,1,1645.0,2129.345288753799,3468.0,1093.0,1116_HS_002
0,2,1676.0,2324.0340095465394,3777.0,1128.0,1116_HS_020
0,2,2891.0,1554.501210653753,2706.0,784.0,1116_HS_015
0,1,1926.0,2103.4667705088264,4020.0,1095.0,1116_HS_012
0,2,2503.0,1649.2740711146623,3030.0,836.0,1116_HS_003
0,1,2318.0,2312.1354616048316,4384.0,1179.0,1116_HS_004
0,1,1470.0,1815.2204081632653,2596.0,952.0,1116_HS_007
0,1,1439.0,2383.428769979152,3783.0,1227.0,1116_HS_009
0,1,2301.0,1694.457627118644,3047.0,886.0,1116_HS_018
0,1,1722.0,1757.9947735191638,3008.0,840.0,1116_HS_011
0,2,1730.0,1992.2462427745666,3262.0,979.0,1116_HS_016
0,2,2463.0,1525.979293544458,2701.0,776.0,1116_HS_008
0,1,1045.0,2163.157894736842,3488.0,1134.0,1116_HS_001
0,3,2243.0,1849.5559518502007,3303.0,921.0,1116_HS_006
0,1,2068.0,1597.0730174081239,2554.0,808.0,1116_HS_017
0,1,2241.0,2567.5310129406516,4230.0,1266.0,1116_HS_010
0,2,1312.0,1725.311737804878,2551.0,898.0,1116_HS_019
0,1,1708.0,2332.2341920374706,3634.0,1199.0,1116_HS_022
0,2,1480.0,1466.5101351351352,2453.0,775.0,1218_HS_025
0,1,1347.0,1124.0289532293987,1869.0,604.0,1218_HS_022
0,1,900.0,1223.4588888888889,1739.0,673.0,1218_HS_017
1,2,757.0,1396.6169088507265,2228.0,726.0,1218_HS_017
0,1,3077.0,1267.5196620084498,2168.0,666.0,1218_HS_010
0,2,3067.0,1283.1552005216824,2183.0,645.0,1218_HS_019
0,1,2579.0,2141.4951531601396,3834.0,1050.0,1218_HS_008
0,10,3128.0,805.087915601023,1270.0,432.0,1218_HS_001
0,1,2591.0,1340.2659204940178,2234.0,714.0,1218_HS_006
0,1,1166.0,1232.1012006861063,1910.0,685.0,1218_HS_018
0,24,611.0,337.2307692307692,599.0,199.0,1218_HS_011
1,104,590.0,277.1576271186441,387.0,203.0,1218_HS_011
2,145,517.0,275.174081237911,420.0,203.0,1218_HS_011
3,196,698.0,309.69627507163324,555.0,201.0,1218_HS_011
4,454,655.0,288.19847328244276,438.0,214.0,1218_HS_011
5,465,791.0,281.0265486725664,407.0,209.0,1218_HS_011
0,4,1851.0,753.7941653160453,1127.0,461.0,1218_HS_016
1,8,2060.0,966.495145631068,1691.0,473.0,1218_HS_016
0,1,1473.0,1749.5797691785472,2475.0,907.0,1218_HS_023
0,2,2872.0,747.4216573816155,1305.0,373.0,1218_HS_024
0,1,2568.0,1126.6993769470405,1909.0,571.0,1218_HS_007
0,1,1172.0,1904.4513651877132,2845.0,982.0,1218_HS_009
0,1,1700.0,1035.7911764705882,1898.0,528.0,1218_HS_003
0,1,1638.0,1702.0879120879122,2892.0,855.0,1218_HS_004
0,1,1925.0,1227.256103896104,1964.0,624.0,1218_HS_015
0,1,2465.0,1431.960649087221,2324.0,725.0,1218_HS_012
0,1,1788.0,1759.6756152125279,2987.0,873.0,1218_HS_020
0,2,3552.0,1096.9034346846847,2109.0,548.0,1218_HS_005
0,1,1873.0,1207.5584623598504,2074.0,587.0,1218_HS_002
1,2,724.0,827.517955801105,1117.0,581.0,1218_HS_002
0,3,2039.0,1457.0789602746445,2617.0,706.0,1218_HS_021
0,1,1066.0,1572.5243902439024,2469.0,828.0,1218_HS_026
0,1,1863.0,1372.1964573268922,2368.0,662.0,1218_HS_013
0,1,1552.0,1731.4561855670104,3138.0,838.0,1218_HS_014
0,1,1274.0,3220.890894819466,4893.0,1696.0,1219_HS_004
0,2,1320.0,2340.798484848485,3362.0,1087.0,1219_HS_003
0,6,2045.0,2830.8141809290955,4527.0,1435.0,1219_HS_012
0,1,3271.0,1288.046163252828,2404.0,627.0,1219_HS_015
0,1,1873.0,1486.8451681793913,2435.0,719.0,1219_HS_002
0,1,2010.0,2588.771144278607,4355.0,1235.0,1219_HS_005
0,299,587.0,420.4548551959114,778.0,286.0,1219_HS_014
1,632,1282.0,347.09516380655225,423.0,274.0,1219_HS_014
2,882,726.0,405.25757575757575,548.0,291.0,1219_HS_014
3,908,501.0,445.30139720558884,669.0,296.0,1219_HS_014
4,930,2890.0,352.6664359861592,459.0,272.0,1219_HS_014
0,12,3002.0,1754.468687541639,2879.0,804.0,1219_HS_013
0,1,2016.0,1667.6904761904761,3303.0,869.0,1219_HS_010
0,1,2204.0,1464.8439201451906,2674.0,791.0,1219_HS_006
0,1,1600.0,2139.20875,3913.0,935.0,1219_HS_001
1,3,825.0,1279.801212121212,1655.0,951.0,1219_HS_001
0,85,3385.0,291.1592319054653,360.0,228.0,1219_HS_008
1,179,512.0,417.0,640.0,239.0,1219_HS_008
2,247,1356.0,293.74778761061947,366.0,229.0,1219_HS_008
3,258,3416.0,302.80854800936766,540.0,202.0,1219_HS_008
4,283,802.0,289.4189526184539,353.0,240.0,1219_HS_008
0,2,1857.0,1284.3532579429186,1886.0,682.0,1219_HS_011
0,2,2801.0,1656.8054266333452,2910.0,827.0,1219_HS_009
0,1,1860.0,1677.3,2873.0,765.0,1219_HS_007
0,1,1213.0,1373.439406430338,2454.0,723.0,1116_nHS_015
0,1,1327.0,1886.3360964581764,3426.0,936.0,1116_nHS_012
0,1,1691.0,1924.1519810762861,4258.0,996.0,1116_nHS_027
0,1,1437.0,2458.982602644398,4426.0,1280.0,1116_nHS_020
0,1,1161.0,3585.176571920758,6441.0,1833.0,1116_nHS_029
0,1,1244.0,1882.5860128617364,2942.0,957.0,1116_nHS_003
0,1,2042.0,1074.179236043095,1799.0,607.0,1116_nHS_004
0,1,1636.0,1114.4394865525671,2112.0,602.0,1116_nHS_028
0,1,1223.0,1873.9689288634506,3717.0,976.0,1116_nHS_021
0,1,985.0,1941.2162436548224,3188.0,1045.0,1116_nHS_026
0,1,1239.0,2007.5835351089588,3893.0,1091.0,1116_nHS_013
0,1,1010.0,1942.5138613861386,3131.0,1004.0,1116_nHS_014
0,1,1383.0,1489.4511930585684,2569.0,774.0,1116_nHS_005
0,1,1602.0,1380.3570536828963,2142.0,728.0,1116_nHS_002
0,1,1253.0,2067.313647246608,3845.0,1093.0,1116_nHS_030
0,1,1049.0,1748.6625357483317,2783.0,963.0,1116_nHS_008
0,1,2052.0,1301.6130604288498,2360.0,646.0,1116_nHS_001
0,1,1049.0,2025.5090562440419,3304.0,954.0,1116_nHS_006
1,2,585.0,1150.2547008547008,1521.0,881.0,1116_nHS_006
0,2,1194.0,1627.9522613065326,2697.0,895.0,1116_nHS_025
0,1,987.0,2236.9858156028367,3772.0,1204.0,1116_nHS_022
0,1,501.0,1226.255489021956,1616.0,917.0,1116_nHS_017
1,3,1339.0,2024.0298730395818,4052.0,959.0,1116_nHS_017
0,1,1473.0,1341.1283095723015,2024.0,705.0,1116_nHS_010
0,1,1020.0,2389.7107843137255,3577.0,1286.0,1116_nHS_019
0,1,2200.0,1480.0522727272728,2841.0,772.0,1116_nHS_007
0,1,2017.0,1304.5746157659892,2333.0,667.0,1116_nHS_009
0,1,616.0,866.1006493506494,1215.0,634.0,1116_nHS_018
1,2,1189.0,1465.493692178301,2712.0,714.0,1116_nHS_018
0,1,1615.0,1259.1114551083592,1880.0,685.0,1116_nHS_011
0,1,1615.0,1415.491640866873,2657.0,744.0,1116_nHS_016
0,1,1271.0,2474.6963021243114,4268.0,1328.0,1116_nHS_023
0,1,1180.0,1881.514406779661,3261.0,935.0,1116_nHS_024
0,1,1041.0,1409.6810758885688,2403.0,766.0,1241_nHS_020
0,1,1212.0,1688.3960396039604,2613.0,938.0,1241_nHS_015
0,1,993.0,2591.2114803625377,3775.0,1310.0,1241_nHS_012
0,2,1588.0,1318.866498740554,2122.0,722.0,1241_nHS_003
0,1,1264.0,1986.4335443037974,3166.0,1030.0,1241_nHS_004
0,1,1722.0,1716.9279907084785,2882.0,853.0,1241_nHS_013
0,1,1260.0,1817.1801587301588,3070.0,958.0,1241_nHS_014
0,1,1071.0,1582.704014939309,2300.0,865.0,1241_nHS_005
0,1,1208.0,1399.0471854304635,2063.0,760.0,1241_nHS_002
0,1,1817.0,1105.844248761695,1971.0,592.0,1241_nHS_001
0,1,1694.0,1996.5448642266824,2981.0,993.0,1241_nHS_006
0,1,1604.0,1509.288029925187,2444.0,778.0,1241_nHS_008
0,1,1414.0,1934.3189533239038,2994.0,1021.0,1241_nHS_019
0,1,1099.0,2293.9963603275705,3505.0,1153.0,1241_nHS_017
0,1,1267.0,2476.8800315706394,4160.0,1192.0,1241_nHS_010
0,1,1417.0,1449.9661256175018,2169.0,772.0,1241_nHS_009
0,2,1142.0,3060.031523642732,4854.0,1445.0,1241_nHS_007
0,1,1695.0,1549.0383480825958,2529.0,799.0,1241_nHS_011
0,1,1862.0,1688.4554242749732,2793.0,882.0,1241_nHS_016
0,1,1373.0,1321.088128186453,2063.0,715.0,1241_nHS_018
0,4,1318.0,2107.0538694992415,3322.0,1053.0,1219_nHS_012
0,1,1155.0,2040.8961038961038,3088.0,953.0,1219_nHS_003
1,2,827.0,1512.9238210399033,2223.0,950.0,1219_nHS_003
0,1,1110.0,2375.7486486486487,4116.0,1275.0,1219_nHS_004
0,1,1373.0,3267.2585579024035,5761.0,1334.0,1219_nHS_005
1,2,637.0,1696.7205651491365,2443.0,1244.0,1219_nHS_005
2,3,661.0,1667.4538577912253,2319.0,1280.0,1219_nHS_005
0,1,1285.0,2843.9081712062257,4422.0,1510.0,1219_nHS_002
0,1,1727.0,1973.7452229299363,3503.0,1018.0,1219_nHS_008
0,1,1773.0,1494.5860124083474,2489.0,778.0,1219_nHS_001
0,1,1696.0,1411.8732311320755,2523.0,738.0,1219_nHS_006
0,1,1509.0,1480.8018555334659,2605.0,771.0,1219_nHS_010
0,1,1162.0,1786.6798623063682,2724.0,945.0,1219_nHS_007
0,3,987.0,1945.288753799392,3534.0,920.0,1219_nHS_009
0,1,1207.0,3001.3073736536867,4777.0,1480.0,1219_nHS_011
0,1,1107.0,1306.5745257452575,1970.0,681.0,1218_nHS_018
1,2,718.0,1124.6225626740948,1593.0,657.0,1218_nHS_018
0,1,1680.0,1324.9416666666666,2152.0,683.0,1218_nHS_016
0,1,1211.0,1581.3856317093312,2472.0,789.0,1218_nHS_011
0,1,1149.0,1780.3516100957354,2592.0,899.0,1218_nHS_007
0,1,1538.0,1465.3810143042913,2411.0,777.0,1218_nHS_009
0,2,1488.0,1280.739247311828,1924.0,716.0,1218_nHS_010
0,8,4305.0,297.14471544715445,386.0,214.0,1218_nHS_017
1,406,1877.0,400.53169952051144,605.0,234.0,1218_nHS_017
0,1,1717.0,1723.3843913803146,2980.0,898.0,1218_nHS_019
0,1,1776.0,1345.150337837838,2134.0,748.0,1218_nHS_008
0,1,1537.0,1420.900455432661,2309.0,713.0,1218_nHS_006
0,1,1577.0,1442.6112872542803,2552.0,740.0,1218_nHS_001
0,1,1353.0,1745.4767184035477,2858.0,926.0,1218_nHS_002
0,1,1901.0,2035.5186743819042,3563.0,1047.0,1218_nHS_005
0,1,1098.0,1688.5018214936247,2812.0,785.0,1218_nHS_021
1,2,935.0,1292.5197860962567,1972.0,761.0,1218_nHS_021
0,1,1581.0,1366.5762175838076,2314.0,717.0,1218_nHS_014
0,1,1843.0,1468.205642973413,2674.0,728.0,1218_nHS_013
0,1,1353.0,1626.1234294161122,2556.0,873.0,1218_nHS_004
1,2,1942.0,1646.591658084449,2711.0,871.0,1218_nHS_004
0,1,1356.0,1511.1194690265486,2326.0,825.0,1218_nHS_003
0,1,1701.0,1317.7048794826574,1929.0,669.0,1218_nHS_012
0,3238,1448.0,260.00690607734805,342.0,196.0,1218_nHS_015
1,3668,5528.0,257.2888929088278,338.0,191.0,1218_nHS_015
0,1,1258.0,1905.3131955484896,2855.0,966.0,1218_nHS_020
